upazila,total_pop,nearest_facility_min
Austagram,152402.0,54.661377884983146
Itna,170622.0,30.055656091824908
Mithamain,115555.0,15.980535637168366
Bhairab,348881.0,15.432872807396029
Kuliarchar,,13.942504499335412
Bajitpur,284301.0,12.881792471481297
Hossainpur,200880.0,12.533807263447793
Katiadi,336508.0,12.197766083379442
Nikli,142964.0,10.245981281027763
Pakundia,251520.0,4.925207774984796
Karimganj,307979.0,3.4289697929512206
Kishoreganj Sadar,476400.0,1.4485866362396849
Tarail,158196.0,0.9044060857879616
